<root annotationID="0" passageID="173880">
  <attributes />
  <extra format="ucca" />
  <layer layerID="0">
    <attributes />
    <node ID="0.1" type="Word">
      <attributes paragraph="1" paragraph_position="1" text="A" />
      <extra dep="det" ent_iob="O" ent_type="" pos="DET" />
    </node>
    <node ID="0.2" type="Word">
      <attributes paragraph="1" paragraph_position="2" text="boy" />
      <extra dep="nsubj" ent_iob="O" ent_type="" pos="NOUN" />
    </node>
    <node ID="0.3" type="Word">
      <attributes paragraph="1" paragraph_position="3" text="at" />
      <extra dep="prep" ent_iob="O" ent_type="" pos="ADP" />
    </node>
    <node ID="0.4" type="Word">
      <attributes paragraph="1" paragraph_position="4" text="the" />
      <extra dep="det" ent_iob="O" ent_type="" pos="DET" />
    </node>
    <node ID="0.5" type="Word">
      <attributes paragraph="1" paragraph_position="5" text="bottom" />
      <extra dep="pobj" ent_iob="O" ent_type="" pos="NOUN" />
    </node>
    <node ID="0.6" type="Word">
      <attributes paragraph="1" paragraph_position="6" text="of" />
      <extra dep="prep" ent_iob="O" ent_type="" pos="ADP" />
    </node>
    <node ID="0.7" type="Word">
      <attributes paragraph="1" paragraph_position="7" text="a" />
      <extra dep="det" ent_iob="O" ent_type="" pos="DET" />
    </node>
    <node ID="0.8" type="Word">
      <attributes paragraph="1" paragraph_position="8" text="hill" />
      <extra dep="pobj" ent_iob="O" ent_type="" pos="NOUN" />
    </node>
    <node ID="0.9" type="Word">
      <attributes paragraph="1" paragraph_position="9" text="covered" />
      <extra dep="acl" ent_iob="O" ent_type="" pos="VERB" />
    </node>
    <node ID="0.10" type="Word">
      <attributes paragraph="1" paragraph_position="10" text="in" />
      <extra dep="prep" ent_iob="O" ent_type="" pos="ADP" />
    </node>
    <node ID="0.11" type="Word">
      <attributes paragraph="1" paragraph_position="11" text="snow" />
      <extra dep="pobj" ent_iob="O" ent_type="" pos="NOUN" />
    </node>
    <node ID="0.12" type="Word">
      <attributes paragraph="1" paragraph_position="12" text="is" />
      <extra dep="ROOT" ent_iob="O" ent_type="" pos="AUX" />
    </node>
    <node ID="0.13" type="Word">
      <attributes paragraph="1" paragraph_position="13" text="naked" />
      <extra dep="acomp" ent_iob="O" ent_type="" pos="ADJ" />
    </node>
    <node ID="0.14" type="Word">
      <attributes paragraph="1" paragraph_position="14" text="and" />
      <extra dep="cc" ent_iob="O" ent_type="" pos="CCONJ" />
    </node>
    <node ID="0.15" type="Word">
      <attributes paragraph="1" paragraph_position="15" text="is" />
      <extra dep="aux" ent_iob="O" ent_type="" pos="AUX" />
    </node>
    <node ID="0.16" type="Word">
      <attributes paragraph="1" paragraph_position="16" text="sitting" />
      <extra dep="conj" ent_iob="O" ent_type="" pos="VERB" />
    </node>
    <node ID="0.17" type="Word">
      <attributes paragraph="1" paragraph_position="17" text="on" />
      <extra dep="prep" ent_iob="O" ent_type="" pos="ADP" />
    </node>
    <node ID="0.18" type="Word">
      <attributes paragraph="1" paragraph_position="18" text="his" />
      <extra dep="poss" ent_iob="O" ent_type="" pos="DET" />
    </node>
    <node ID="0.19" type="Word">
      <attributes paragraph="1" paragraph_position="19" text="knees" />
      <extra dep="pobj" ent_iob="O" ent_type="" pos="NOUN" />
    </node>
  </layer>
  <layer layerID="1">
    <attributes />
    <node ID="1.1" type="FN">
      <attributes />
      <edge toID="1.2" type="H">
        <attributes />
        <category tag="H" />
      </edge>
      <edge toID="1.22" type="L">
        <attributes />
        <category tag="L" />
      </edge>
      <edge toID="1.23" type="H">
        <attributes />
        <category tag="H" />
      </edge>
    </node>
    <node ID="1.2" type="FN">
      <attributes />
      <edge toID="1.3" type="A">
        <attributes />
        <category tag="A" />
      </edge>
      <edge toID="1.20" type="F">
        <attributes />
        <category tag="F" />
      </edge>
      <edge toID="1.21" type="S">
        <attributes />
        <category tag="S" />
      </edge>
    </node>
    <node ID="1.3" type="FN">
      <attributes />
      <edge toID="1.4" type="F">
        <attributes />
        <category tag="F" />
      </edge>
      <edge toID="1.5" type="C-remote">
        <attributes />
        <category tag="C-remote" />
      </edge>
      <edge toID="1.6" type="S">
        <attributes />
        <category tag="S" />
      </edge>
      <edge toID="1.10" type="A">
        <attributes />
        <category tag="A" />
      </edge>
    </node>
    <node ID="1.4" type="FN">
      <attributes />
      <edge toID="0.1" type="Terminal">
        <attributes />
        <category tag="Terminal" />
      </edge>
    </node>
    <node ID="1.5" type="FN">
      <attributes />
      <edge toID="0.2" type="Terminal">
        <attributes />
        <category tag="Terminal" />
      </edge>
    </node>
    <node ID="1.6" type="FN">
      <attributes />
      <edge toID="1.7" type="R">
        <attributes />
        <category tag="R" />
      </edge>
      <edge toID="1.8" type="F">
        <attributes />
        <category tag="F" />
      </edge>
      <edge toID="1.9" type="C">
        <attributes />
        <category tag="C" />
      </edge>
    </node>
    <node ID="1.7" type="FN">
      <attributes />
      <edge toID="0.3" type="Terminal">
        <attributes />
        <category tag="Terminal" />
      </edge>
    </node>
    <node ID="1.8" type="FN">
      <attributes />
      <edge toID="0.4" type="Terminal">
        <attributes />
        <category tag="Terminal" />
      </edge>
    </node>
    <node ID="1.9" type="FN">
      <attributes />
      <edge toID="0.5" type="Terminal">
        <attributes />
        <category tag="Terminal" />
      </edge>
    </node>
    <node ID="1.10" type="FN">
      <attributes />
      <edge toID="1.11" type="C">
        <attributes />
        <category tag="C" />
      </edge>
      <edge toID="1.17" type="A">
        <attributes />
        <category tag="A" />
      </edge>
    </node>
    <node ID="1.11" type="FN">
      <attributes />
      <edge toID="1.12" type="A">
        <attributes />
        <category tag="A" />
      </edge>
      <edge toID="1.16" type="P">
        <attributes />
        <category tag="P" />
      </edge>
    </node>
    <node ID="1.12" type="FN">
      <attributes />
      <edge toID="1.13" type="R">
        <attributes />
        <category tag="R" />
      </edge>
      <edge toID="1.14" type="F">
        <attributes />
        <category tag="F" />
      </edge>
      <edge toID="1.15" type="C">
        <attributes />
        <category tag="C" />
      </edge>
    </node>
    <node ID="1.13" type="FN">
      <attributes />
      <edge toID="0.6" type="Terminal">
        <attributes />
        <category tag="Terminal" />
      </edge>
    </node>
    <node ID="1.14" type="FN">
      <attributes />
      <edge toID="0.7" type="Terminal">
        <attributes />
        <category tag="Terminal" />
      </edge>
    </node>
    <node ID="1.15" type="FN">
      <attributes />
      <edge toID="0.8" type="Terminal">
        <attributes />
        <category tag="Terminal" />
      </edge>
    </node>
    <node ID="1.16" type="FN">
      <attributes />
      <edge toID="0.9" type="Terminal">
        <attributes />
        <category tag="Terminal" />
      </edge>
    </node>
    <node ID="1.17" type="FN">
      <attributes />
      <edge toID="1.18" type="R">
        <attributes />
        <category tag="R" />
      </edge>
      <edge toID="1.19" type="C">
        <attributes />
        <category tag="C" />
      </edge>
    </node>
    <node ID="1.18" type="FN">
      <attributes />
      <edge toID="0.10" type="Terminal">
        <attributes />
        <category tag="Terminal" />
      </edge>
    </node>
    <node ID="1.19" type="FN">
      <attributes />
      <edge toID="0.11" type="Terminal">
        <attributes />
        <category tag="Terminal" />
      </edge>
    </node>
    <node ID="1.20" type="FN">
      <attributes />
      <edge toID="0.12" type="Terminal">
        <attributes />
        <category tag="Terminal" />
      </edge>
    </node>
    <node ID="1.21" type="FN">
      <attributes />
      <edge toID="0.13" type="Terminal">
        <attributes />
        <category tag="Terminal" />
      </edge>
    </node>
    <node ID="1.22" type="FN">
      <attributes />
      <edge toID="0.14" type="Terminal">
        <attributes />
        <category tag="Terminal" />
      </edge>
    </node>
    <node ID="1.23" type="FN">
      <attributes />
      <edge toID="1.24" type="F">
        <attributes />
        <category tag="F" />
      </edge>
      <edge toID="1.25" type="P">
        <attributes />
        <category tag="P" />
      </edge>
      <edge toID="1.26" type="A">
        <attributes />
        <category tag="A" />
      </edge>
    </node>
    <node ID="1.24" type="FN">
      <attributes />
      <edge toID="0.15" type="Terminal">
        <attributes />
        <category tag="Terminal" />
      </edge>
    </node>
    <node ID="1.25" type="FN">
      <attributes />
      <edge toID="0.16" type="Terminal">
        <attributes />
        <category tag="Terminal" />
      </edge>
    </node>
    <node ID="1.26" type="FN">
      <attributes />
      <edge toID="1.27" type="R">
        <attributes />
        <category tag="R" />
      </edge>
      <edge toID="1.28" type="A">
        <attributes />
        <category tag="A" />
      </edge>
      <edge toID="1.29" type="C">
        <attributes />
        <category tag="C" />
      </edge>
    </node>
    <node ID="1.27" type="FN">
      <attributes />
      <edge toID="0.17" type="Terminal">
        <attributes />
        <category tag="Terminal" />
      </edge>
    </node>
    <node ID="1.28" type="FN">
      <attributes />
      <edge toID="0.18" type="Terminal">
        <attributes />
        <category tag="Terminal" />
      </edge>
    </node>
    <node ID="1.29" type="FN">
      <attributes />
      <edge toID="0.19" type="Terminal">
        <attributes />
        <category tag="Terminal" />
      </edge>
    </node>
  </layer>
</root>
