<root annotationID="0" passageID="161410">
  <attributes />
  <extra format="ucca" />
  <layer layerID="0">
    <attributes />
    <node ID="0.1" type="Word">
      <attributes paragraph="1" paragraph_position="1" text="Two" />
      <extra dep="nummod" ent_iob="B" ent_type="CARDINAL" pos="NUM" />
    </node>
    <node ID="0.2" type="Word">
      <attributes paragraph="1" paragraph_position="2" text="women" />
      <extra dep="nsubj" ent_iob="O" ent_type="" pos="NOUN" />
    </node>
    <node ID="0.3" type="Word">
      <attributes paragraph="1" paragraph_position="3" text="are" />
      <extra dep="aux" ent_iob="O" ent_type="" pos="AUX" />
    </node>
    <node ID="0.4" type="Word">
      <attributes paragraph="1" paragraph_position="4" text="standing" />
      <extra dep="ROOT" ent_iob="O" ent_type="" pos="VERB" />
    </node>
    <node ID="0.5" type="Word">
      <attributes paragraph="1" paragraph_position="5" text="together" />
      <extra dep="advmod" ent_iob="O" ent_type="" pos="ADV" />
    </node>
    <node ID="0.6" type="Word">
      <attributes paragraph="1" paragraph_position="6" text="and" />
      <extra dep="cc" ent_iob="O" ent_type="" pos="CCONJ" />
    </node>
    <node ID="0.7" type="Word">
      <attributes paragraph="1" paragraph_position="7" text="one" />
      <extra dep="nsubj" ent_iob="O" ent_type="" pos="NUM" />
    </node>
    <node ID="0.8" type="Word">
      <attributes paragraph="1" paragraph_position="8" text="is" />
      <extra dep="aux" ent_iob="O" ent_type="" pos="AUX" />
    </node>
    <node ID="0.9" type="Word">
      <attributes paragraph="1" paragraph_position="9" text="looking" />
      <extra dep="conj" ent_iob="O" ent_type="" pos="VERB" />
    </node>
    <node ID="0.10" type="Word">
      <attributes paragraph="1" paragraph_position="10" text="through" />
      <extra dep="prep" ent_iob="O" ent_type="" pos="ADP" />
    </node>
    <node ID="0.11" type="Word">
      <attributes paragraph="1" paragraph_position="11" text="binoculars" />
      <extra dep="pobj" ent_iob="O" ent_type="" pos="NOUN" />
    </node>
  </layer>
  <layer layerID="1">
    <attributes />
    <node ID="1.1" type="FN">
      <attributes />
      <edge toID="1.2" type="H">
        <attributes />
        <category tag="H" />
      </edge>
      <edge toID="1.9" type="L">
        <attributes />
        <category tag="L" />
      </edge>
      <edge toID="1.10" type="H">
        <attributes />
        <category tag="H" />
      </edge>
    </node>
    <node ID="1.2" type="FN">
      <attributes />
      <edge toID="1.3" type="A">
        <attributes />
        <category tag="A" />
      </edge>
      <edge toID="1.6" type="F">
        <attributes />
        <category tag="F" />
      </edge>
      <edge toID="1.7" type="P">
        <attributes />
        <category tag="P" />
      </edge>
      <edge toID="1.8" type="D">
        <attributes />
        <category tag="D" />
      </edge>
    </node>
    <node ID="1.3" type="FN">
      <attributes />
      <edge toID="1.4" type="Q">
        <attributes />
        <category tag="Q" />
      </edge>
      <edge toID="1.5" type="C">
        <attributes />
        <category tag="C" />
      </edge>
    </node>
    <node ID="1.4" type="FN">
      <attributes />
      <edge toID="0.1" type="Terminal">
        <attributes />
        <category tag="Terminal" />
      </edge>
    </node>
    <node ID="1.5" type="FN">
      <attributes />
      <edge toID="0.2" type="Terminal">
        <attributes />
        <category tag="Terminal" />
      </edge>
    </node>
    <node ID="1.6" type="FN">
      <attributes />
      <edge toID="0.3" type="Terminal">
        <attributes />
        <category tag="Terminal" />
      </edge>
    </node>
    <node ID="1.7" type="FN">
      <attributes />
      <edge toID="0.4" type="Terminal">
        <attributes />
        <category tag="Terminal" />
      </edge>
    </node>
    <node ID="1.8" type="FN">
      <attributes />
      <edge toID="0.5" type="Terminal">
        <attributes />
        <category tag="Terminal" />
      </edge>
    </node>
    <node ID="1.9" type="FN">
      <attributes />
      <edge toID="0.6" type="Terminal">
        <attributes />
        <category tag="Terminal" />
      </edge>
    </node>
    <node ID="1.10" type="FN">
      <attributes />
      <edge toID="1.11" type="A">
        <attributes />
        <category tag="A" />
      </edge>
      <edge toID="1.12" type="F">
        <attributes />
        <category tag="F" />
      </edge>
      <edge toID="1.13" type="P">
        <attributes />
        <category tag="P" />
      </edge>
      <edge toID="1.14" type="A">
        <attributes />
        <category tag="A" />
      </edge>
    </node>
    <node ID="1.11" type="FN">
      <attributes />
      <edge toID="0.7" type="Terminal">
        <attributes />
        <category tag="Terminal" />
      </edge>
    </node>
    <node ID="1.12" type="FN">
      <attributes />
      <edge toID="0.8" type="Terminal">
        <attributes />
        <category tag="Terminal" />
      </edge>
    </node>
    <node ID="1.13" type="FN">
      <attributes />
      <edge toID="0.9" type="Terminal">
        <attributes />
        <category tag="Terminal" />
      </edge>
    </node>
    <node ID="1.14" type="FN">
      <attributes />
      <edge toID="1.15" type="R">
        <attributes />
        <category tag="R" />
      </edge>
      <edge toID="1.16" type="C">
        <attributes />
        <category tag="C" />
      </edge>
    </node>
    <node ID="1.15" type="FN">
      <attributes />
      <edge toID="0.10" type="Terminal">
        <attributes />
        <category tag="Terminal" />
      </edge>
    </node>
    <node ID="1.16" type="FN">
      <attributes />
      <edge toID="0.11" type="Terminal">
        <attributes />
        <category tag="Terminal" />
      </edge>
    </node>
  </layer>
</root>
