<root annotationID="0" passageID="184590">
  <attributes />
  <extra format="ucca" />
  <layer layerID="0">
    <attributes />
    <node ID="0.1" type="Word">
      <attributes paragraph="1" paragraph_position="1" text="A" />
      <extra dep="det" ent_iob="O" ent_type="" pos="DET" />
    </node>
    <node ID="0.2" type="Word">
      <attributes paragraph="1" paragraph_position="2" text="person" />
      <extra dep="nsubj" ent_iob="O" ent_type="" pos="NOUN" />
    </node>
    <node ID="0.3" type="Word">
      <attributes paragraph="1" paragraph_position="3" text="with" />
      <extra dep="prep" ent_iob="O" ent_type="" pos="ADP" />
    </node>
    <node ID="0.4" type="Word">
      <attributes paragraph="1" paragraph_position="4" text="a" />
      <extra dep="det" ent_iob="O" ent_type="" pos="DET" />
    </node>
    <node ID="0.5" type="Word">
      <attributes paragraph="1" paragraph_position="5" text="back" />
      <extra dep="amod" ent_iob="O" ent_type="" pos="ADJ" />
    </node>
    <node ID="0.6" type="Word">
      <attributes paragraph="1" paragraph_position="6" text="pack" />
      <extra dep="pobj" ent_iob="O" ent_type="" pos="NOUN" />
    </node>
    <node ID="0.7" type="Punctuation">
      <attributes paragraph="1" paragraph_position="7" text="," />
      <extra dep="punct" ent_iob="O" ent_type="" pos="PUNCT" />
    </node>
    <node ID="0.8" type="Word">
      <attributes paragraph="1" paragraph_position="8" text="who" />
      <extra dep="nsubj" ent_iob="O" ent_type="" pos="PRON" />
    </node>
    <node ID="0.9" type="Word">
      <attributes paragraph="1" paragraph_position="9" text="is" />
      <extra dep="relcl" ent_iob="O" ent_type="" pos="AUX" />
    </node>
    <node ID="0.10" type="Word">
      <attributes paragraph="1" paragraph_position="10" text="topless" />
      <extra dep="attr" ent_iob="O" ent_type="" pos="ADJ" />
    </node>
    <node ID="0.11" type="Punctuation">
      <attributes paragraph="1" paragraph_position="11" text="," />
      <extra dep="punct" ent_iob="O" ent_type="" pos="PUNCT" />
    </node>
    <node ID="0.12" type="Word">
      <attributes paragraph="1" paragraph_position="12" text="is" />
      <extra dep="ROOT" ent_iob="O" ent_type="" pos="AUX" />
    </node>
    <node ID="0.13" type="Word">
      <attributes paragraph="1" paragraph_position="13" text="in" />
      <extra dep="prep" ent_iob="O" ent_type="" pos="ADP" />
    </node>
    <node ID="0.14" type="Word">
      <attributes paragraph="1" paragraph_position="14" text="front" />
      <extra dep="pobj" ent_iob="O" ent_type="" pos="NOUN" />
    </node>
    <node ID="0.15" type="Word">
      <attributes paragraph="1" paragraph_position="15" text="of" />
      <extra dep="prep" ent_iob="O" ent_type="" pos="ADP" />
    </node>
    <node ID="0.16" type="Word">
      <attributes paragraph="1" paragraph_position="16" text="a" />
      <extra dep="det" ent_iob="O" ent_type="" pos="DET" />
    </node>
    <node ID="0.17" type="Word">
      <attributes paragraph="1" paragraph_position="17" text="pile" />
      <extra dep="pobj" ent_iob="O" ent_type="" pos="NOUN" />
    </node>
    <node ID="0.18" type="Word">
      <attributes paragraph="1" paragraph_position="18" text="of" />
      <extra dep="prep" ent_iob="O" ent_type="" pos="ADP" />
    </node>
    <node ID="0.19" type="Word">
      <attributes paragraph="1" paragraph_position="19" text="rocks" />
      <extra dep="pobj" ent_iob="O" ent_type="" pos="NOUN" />
    </node>
    <node ID="0.20" type="Word">
      <attributes paragraph="1" paragraph_position="20" text="and" />
      <extra dep="cc" ent_iob="O" ent_type="" pos="CCONJ" />
    </node>
    <node ID="0.21" type="Word">
      <attributes paragraph="1" paragraph_position="21" text="clouds" />
      <extra dep="conj" ent_iob="O" ent_type="" pos="NOUN" />
    </node>
    <node ID="0.22" type="Word">
      <attributes paragraph="1" paragraph_position="22" text="are" />
      <extra dep="ccomp" ent_iob="O" ent_type="" pos="AUX" />
    </node>
    <node ID="0.23" type="Word">
      <attributes paragraph="1" paragraph_position="23" text="in" />
      <extra dep="prep" ent_iob="O" ent_type="" pos="ADP" />
    </node>
    <node ID="0.24" type="Word">
      <attributes paragraph="1" paragraph_position="24" text="the" />
      <extra dep="det" ent_iob="O" ent_type="" pos="DET" />
    </node>
    <node ID="0.25" type="Word">
      <attributes paragraph="1" paragraph_position="25" text="background" />
      <extra dep="pobj" ent_iob="O" ent_type="" pos="NOUN" />
    </node>
  </layer>
  <layer layerID="1">
    <attributes />
    <node ID="1.1" type="FN">
      <attributes />
      <edge toID="1.2" type="H">
        <attributes />
        <category tag="H" />
      </edge>
    </node>
    <node ID="1.2" type="FN">
      <attributes />
      <edge toID="1.3" type="A">
        <attributes />
        <category tag="A" />
      </edge>
      <edge toID="1.16" type="U">
        <attributes />
        <category tag="U" />
      </edge>
      <edge toID="1.17" type="F">
        <attributes />
        <category tag="F" />
      </edge>
      <edge toID="1.18" type="C">
        <attributes />
        <category tag="C" />
      </edge>
      <edge toID="1.21" type="R">
        <attributes />
        <category tag="R" />
      </edge>
      <edge toID="1.22" type="F">
        <attributes />
        <category tag="F" />
      </edge>
      <edge toID="1.23" type="C">
        <attributes />
        <category tag="C" />
      </edge>
      <edge toID="1.24" type="E">
        <attributes />
        <category tag="E" />
      </edge>
      <edge toID="1.30" type="F">
        <attributes />
        <category tag="F" />
      </edge>
      <edge toID="1.31" type="R">
        <attributes />
        <category tag="R" />
      </edge>
      <edge toID="1.32" type="F">
        <attributes />
        <category tag="F" />
      </edge>
      <edge toID="1.33" type="C">
        <attributes />
        <category tag="C" />
      </edge>
    </node>
    <node ID="1.3" type="FN">
      <attributes />
      <edge toID="1.4" type="F">
        <attributes />
        <category tag="F" />
      </edge>
      <edge toID="1.5" type="C">
        <attributes />
        <category tag="C" />
      </edge>
      <edge toID="1.6" type="A">
        <attributes />
        <category tag="A" />
      </edge>
    </node>
    <node ID="1.4" type="FN">
      <attributes />
      <edge toID="0.1" type="Terminal">
        <attributes />
        <category tag="Terminal" />
      </edge>
    </node>
    <node ID="1.5" type="FN">
      <attributes />
      <edge toID="0.2" type="Terminal">
        <attributes />
        <category tag="Terminal" />
      </edge>
    </node>
    <node ID="1.6" type="FN">
      <attributes />
      <edge toID="1.7" type="R">
        <attributes />
        <category tag="R" />
      </edge>
      <edge toID="1.8" type="F">
        <attributes />
        <category tag="F" />
      </edge>
      <edge toID="1.9" type="C">
        <attributes />
        <category tag="C" />
      </edge>
      <edge toID="1.10" type="C-remote">
        <attributes />
        <category tag="C-remote" />
      </edge>
      <edge toID="1.11" type="U">
        <attributes />
        <category tag="U" />
      </edge>
      <edge toID="1.12" type="E">
        <attributes />
        <category tag="E" />
      </edge>
    </node>
    <node ID="1.7" type="FN">
      <attributes />
      <edge toID="0.3" type="Terminal">
        <attributes />
        <category tag="Terminal" />
      </edge>
    </node>
    <node ID="1.8" type="FN">
      <attributes />
      <edge toID="0.4" type="Terminal">
        <attributes />
        <category tag="Terminal" />
      </edge>
    </node>
    <node ID="1.9" type="FN">
      <attributes />
      <edge toID="0.5" type="Terminal">
        <attributes />
        <category tag="Terminal" />
      </edge>
    </node>
    <node ID="1.10" type="FN">
      <attributes />
      <edge toID="0.6" type="Terminal">
        <attributes />
        <category tag="Terminal" />
      </edge>
    </node>
    <node ID="1.11" type="PNCT">
      <attributes />
      <edge toID="0.7" type="Terminal">
        <attributes />
        <category tag="Terminal" />
      </edge>
    </node>
    <node ID="1.12" type="FN">
      <attributes />
      <edge toID="1.13" type="R">
        <attributes />
        <category tag="R" />
      </edge>
      <edge toID="1.14" type="F">
        <attributes />
        <category tag="F" />
      </edge>
      <edge toID="1.15" type="S">
        <attributes />
        <category tag="S" />
      </edge>
    </node>
    <node ID="1.13" type="FN">
      <attributes />
      <edge toID="0.8" type="Terminal">
        <attributes />
        <category tag="Terminal" />
      </edge>
    </node>
    <node ID="1.14" type="FN">
      <attributes />
      <edge toID="0.9" type="Terminal">
        <attributes />
        <category tag="Terminal" />
      </edge>
    </node>
    <node ID="1.15" type="FN">
      <attributes />
      <edge toID="0.10" type="Terminal">
        <attributes />
        <category tag="Terminal" />
      </edge>
    </node>
    <node ID="1.16" type="PNCT">
      <attributes />
      <edge toID="0.11" type="Terminal">
        <attributes />
        <category tag="Terminal" />
      </edge>
    </node>
    <node ID="1.17" type="FN">
      <attributes />
      <edge toID="0.12" type="Terminal">
        <attributes />
        <category tag="Terminal" />
      </edge>
    </node>
    <node ID="1.18" type="FN">
      <attributes />
      <edge toID="1.19" type="C">
        <attributes />
        <category tag="C" />
      </edge>
      <edge toID="1.20" type="C">
        <attributes />
        <category tag="C" />
      </edge>
    </node>
    <node ID="1.19" type="FN">
      <attributes />
      <edge toID="0.13" type="Terminal">
        <attributes />
        <category tag="Terminal" />
      </edge>
    </node>
    <node ID="1.20" type="FN">
      <attributes />
      <edge toID="0.14" type="Terminal">
        <attributes />
        <category tag="Terminal" />
      </edge>
    </node>
    <node ID="1.21" type="FN">
      <attributes />
      <edge toID="0.15" type="Terminal">
        <attributes />
        <category tag="Terminal" />
      </edge>
    </node>
    <node ID="1.22" type="FN">
      <attributes />
      <edge toID="0.16" type="Terminal">
        <attributes />
        <category tag="Terminal" />
      </edge>
    </node>
    <node ID="1.23" type="FN">
      <attributes />
      <edge toID="0.17" type="Terminal">
        <attributes />
        <category tag="Terminal" />
      </edge>
    </node>
    <node ID="1.24" type="FN">
      <attributes />
      <edge toID="1.25" type="R">
        <attributes />
        <category tag="R" />
      </edge>
      <edge toID="1.26" type="C">
        <attributes />
        <category tag="C" />
      </edge>
    </node>
    <node ID="1.25" type="FN">
      <attributes />
      <edge toID="0.18" type="Terminal">
        <attributes />
        <category tag="Terminal" />
      </edge>
    </node>
    <node ID="1.26" type="FN">
      <attributes />
      <edge toID="1.27" type="C">
        <attributes />
        <category tag="C" />
      </edge>
      <edge toID="1.28" type="N">
        <attributes />
        <category tag="N" />
      </edge>
      <edge toID="1.29" type="C">
        <attributes />
        <category tag="C" />
      </edge>
    </node>
    <node ID="1.27" type="FN">
      <attributes />
      <edge toID="0.19" type="Terminal">
        <attributes />
        <category tag="Terminal" />
      </edge>
    </node>
    <node ID="1.28" type="FN">
      <attributes />
      <edge toID="0.20" type="Terminal">
        <attributes />
        <category tag="Terminal" />
      </edge>
    </node>
    <node ID="1.29" type="FN">
      <attributes />
      <edge toID="0.21" type="Terminal">
        <attributes />
        <category tag="Terminal" />
      </edge>
    </node>
    <node ID="1.30" type="FN">
      <attributes />
      <edge toID="0.22" type="Terminal">
        <attributes />
        <category tag="Terminal" />
      </edge>
    </node>
    <node ID="1.31" type="FN">
      <attributes />
      <edge toID="0.23" type="Terminal">
        <attributes />
        <category tag="Terminal" />
      </edge>
    </node>
    <node ID="1.32" type="FN">
      <attributes />
      <edge toID="0.24" type="Terminal">
        <attributes />
        <category tag="Terminal" />
      </edge>
    </node>
    <node ID="1.33" type="FN">
      <attributes />
      <edge toID="0.25" type="Terminal">
        <attributes />
        <category tag="Terminal" />
      </edge>
    </node>
  </layer>
</root>
